id_local,nom_lieu,ad_lieu,com_lieu,insee,type,date_maj,ouvert,source,Xlong,Ylat,nbre_pl,nbre_pmr,duree,horaires,proprio,lumiere,comm
1,Parking de covoiturage Agen,A62 Sortie 7 Agen,Le Passage,47201,Aire de covoiturage,2026-03-24,true,512377060,0.605866,44.166845,131,4,,24/7,ASF,true,"Services (dépose-minutes, places deux-roues, places PMR, abris, station vélo, arrêt de transport collectif )"
4,Parking de covoiturage Castelsarrasin,A62 Sortie 9 Castelsarrasin,Castelsarrasin,82033,Aire de covoiturage,2026-03-24,true,512377060,1.097194,44.056110,55,2,,24/7,ASF,true,"Services (dépose-minutes, places deux-roues, places PMR, abris, )"
12,Parking de covoiturage Langon,A62 Sortie 3 Langon,Langon,33227,Aire de covoiturage,2026-03-24,true,512377060,-0.262484,44.544782,78,2,,24/7,ASF,true,"Services (dépose-minutes, places deux-roues, places PMR, abris, arrêt de transport collectif )"
16,Parking de covoiturage Marmande,A62 Sortie 5 Marmande,Samazan,47285,Aire de covoiturage,2026-03-24,true,512377060,0.132274,44.436549,56,2,,24/7,ASF,true,"Services (dépose-minutes, places deux-roues, places PMR, abris, station vélo, arrêt de transport collectif )"
19,Parking de covoiturage Montgiscard,A61 Sortie 19.1 Montgiscard,Montgiscard,31381,Aire de covoiturage,2026-03-24,true,512377060,1.592580,43.460223,84,2,,24/7,ASF,true,"Services (dépose-minutes, places deux-roues, places PMR, abris, ombrières, station vélo, arrêt de transport collectif )"
22,Parking de covoiturage Pamiers,A66 Sortie 3 Pamiers,Pamiers,09225,Aire de covoiturage,2026-03-24,true,512377060,1.606373,43.144560,46,2,,24/7,ASF,true,"Services (dépose-minutes, places deux-roues, places PMR, abris, ombrières, station vélo, arrêt de transport collectif )"
25,Parking de covoiturage Podensac,A62 Sortie 2 Podensac,Illats,33205,Aire de covoiturage,2026-03-24,true,512377060,-0.365622,44.609381,49,2,,24/7,ASF,true,"Services (dépose-minutes, places deux-roues, places PMR, abris, )"
27,Parking de covoiturage Saint Jory,A62 Sortie 11 Saint Jory,Bruguières,31091,Aire de covoiturage,2026-03-24,true,512377060,1.396120,43.718338,70,2,,24/7,ASF,true,"Services (dépose-minutes, places deux-roues, places PMR, abris, )"
30,Parking de covoiturage Valence-d'Agen,A62 Sortie 8 Valence-d'Agen,Saint-Loup,82165,Aire de covoiturage,2026-03-24,true,512377060,0.867544,44.063837,55,2,,24/7,ASF,true,"Services (dépose-minutes, places deux-roues, places PMR, abris, station vélo, )"
31,Parking de covoiturage Villefranche de Lauragais,A61 Sortie 20 Villefranche de Lauragais,Villefranche-de-Lauragais,31582,Aire de covoiturage,2026-03-24,true,512377060,1.699758,43.401293,83,2,,24/7,ASF,true,"Services (dépose-minutes, places deux-roues, places PMR, abris, )"
61,Parking de covoiturage Béziers Ouest,A9 Sortie 36 Béziers Ouest,Béziers,34032,Aire de covoiturage,2026-03-24,true,512377060,3.216445,43.304576,165,5,,24/7,ASF,true,"Services (dépose-minutes, places deux-roues, places PMR, abris, borne de recharge pour véhicules électriques, )"
66,Parking de covoiturage Castelnaudary,A61 Sortie 21 Castelnaudary,Castelnaudary,11400,Aire de covoiturage,2026-03-24,true,512377060,1.951646,43.292797,60,3,,24/7,ASF,true,"Services (dépose-minutes, places deux-roues, places PMR, abris, ombrières, )"
75,Parking de covoiturage Perpignan Nord,A9 Sortie 41 Perpignan Nord,Rivesaltes,66164,Aire de covoiturage,2026-03-24,true,512377060,2.898873,42.781953,108,4,,24/7,ASF,true,"Services (dépose-minutes, places deux-roues, places PMR, abris, ombrières, borne de recharge pour véhicules électriques, arrêt de transport collectif )"
76,Parking de covoiturage Perpignan Sud,A9 Sortie 42 Perpignan Sud,Perpignan,66136,Aire de covoiturage,2026-03-24,true,512377060,2.8576067,42.670612,108,3,,24/7,ASF,true,"Services (dépose-minutes, places deux-roues, places PMR, abris, ombrières, borne de recharge pour véhicules électriques, )"
83,Parking de covoiturage Ambarès,A10 Sortie 42 Ambarès,Ambarès-et-Lagrave,33003,Aire de covoiturage,2026-03-24,true,512377060,-0.468386,44.927355,70,2,,24/7,ASF,true,"Services (dépose-minutes, places deux-roues, places PMR, abris, station vélo, arrêt de transport collectif )"
84,Parking de covoiturage Saint-Vincent-de-Paul,A10 Sortie 41 Ambes,Saint-Vincent-de-Paul,33487,Aire de covoiturage,2026-03-24,true,512377060,-0.465030,44.956812,45,1,,24/7,ASF,true,"Services (dépose-minutes, places deux-roues, places PMR, abris, station vélo, arrêt de transport collectif )"
86,Parking de covoiturage Saint-Aubin-de-Blaye,A10 Sortie 38 Saint-Aubin-de-Blaye,Reignac,33351,Aire de covoiturage,2026-03-24,true,512377060,-0.549079,45.255135,60,2,,24/7,ASF,true,"Services (dépose-minutes, places deux-roues, places PMR, abris, )"
105,Parking de covoiturage Vouillé,A10 Sortie 32 Limoges-Niort,Vouillé,79355,Aire de covoiturage,2026-03-24,true,512377060,-0.373377,46.311714,40,1,,24/7,ASF,true,"Services (dépose-minutes, places deux-roues, places PMR, abris, ombrières, station vélo, arrêt de transport collectif )"
107,Parking de covoiturage Montaigu,A83 Sortie 4 Montaigu,Montaigu-Vendée,85146,Aire de covoiturage,2026-03-24,true,512377060,-1.353958,46.957632,100,3,,24/7,ASF,true,"Services (dépose-minutes, places deux-roues, places PMR, abris, station vélo, )"
126,Parking de covoiturage Avignon Nord,A7 Sortie 23 Avignon Nord,Vedène,84141,Aire de covoiturage,2026-03-24,true,512377060,4.887514,43.982953,114,3,,24/7,ASF,true,"Services (dépose-minutes, places deux-roues, places PMR, abris, borne de recharge pour véhicules électriques, station vélo, )"
131,Parking de covoiturage Gallargues,A9 Sortie 26 Gallargues,Gallargues-le-Montueux,30123,Aire de covoiturage,2026-03-24,true,512377060,4.180311,43.717951,98,3,,24/7,ASF,true,"Services (dépose-minutes, places deux-roues, places PMR, abris, )"
133,Parking de covoiturage Grans,A54 Sortie 14 Grans,Salon-de-Provence,13103,Aire de covoiturage,2026-03-24,true,512377060,5.085574,43.623455,70,2,,24/7,ASF,true,"Services (dépose-minutes, places deux-roues, places PMR, abris, arrêt de transport collectif )"
134,Parking de covoiturage Lunel,A9 Sortie 27 Lunel,Saturargues,34294,Aire de covoiturage,2026-03-24,true,512377060,4.1215533,43.7027494,71,2,,24/7,ASF,true,"Services (dépose-minutes, places deux-roues, places PMR, abris, arrêt de transport collectif )"
136,Parking de covoiturage Nîmes Est,A9 Sortie 24 Nîmes Est,Nîmes,30189,Aire de covoiturage,2026-03-24,true,512377060,4.418366,43.857835,56,2,,24/7,ASF,true,"Services (dépose-minutes, places deux-roues, places PMR, abris, station vélo, )"
138,Parking de covoiturage Orange Centre,A7 Sortie 21 Orange Centre,Orange,84087,Aire de covoiturage,2026-03-24,true,512377060,4.795676,44.134309,84,2,,24/7,ASF,true,"Services (dépose-minutes, places deux-roues, places PMR, abris, arrêt de transport collectif )"
151,Parking de covoiturage Balbigny,A89 Sortie 33 Balbigny,Balbigny,42011,Aire de covoiturage,2026-03-24,true,512377060,4.164979,45.842679,100,2,,24/7,ASF,true,"Services (dépose-minutes, places deux-roues, places PMR, abris, )"
152,Parking de covoiturage Chanas,A7 Sortie 12 St-Rambert-d'Albon,Chanas,38072,Aire de covoiturage,2026-03-24,true,512377060,4.810342,45.320865,114,3,,24/7,ASF,true,"Services (dépose-minutes, places deux-roues, places PMR, abris, )"
154,Parking de covoiturage Communay,A46S Sortie 16 Communay,Communay,69272,Aire de covoiturage,2026-03-24,true,512377060,4.852961,45.596751,80,2,,24/7,ASF,true,"Services (dépose-minutes, places deux-roues, places PMR, abris, )"
161,Parking de covoiturage Loriol,A7 Sortie 16 Loriol,Loriol-sur-Drôme,26166,Aire de covoiturage,2026-03-24,true,512377060,4.791128,44.754946,90,3,,24/7,ASF,true,"Services (dépose-minutes, places deux-roues, places PMR, abris, )"
164,Parking de covoiturage Montélimar Nord,A7 Sortie 17 Montélimar Nord,Les Tourrettes,26353,Aire de covoiturage,2026-03-24,true,512377060,4.794638,44.667635,80,2,,24/7,ASF,true,"Services (dépose-minutes, places deux-roues, places PMR, abris, arrêt de transport collectif )"
165,Parking de covoiturage Montélimar-Sud,A7 Sortie 18 Montélimar-Sud,Malataverne,26169,Aire de covoiturage,2026-03-24,true,512377060,4.763099,44.480429,100,2,,24/7,ASF,true,"Services (dépose-minutes, places deux-roues, places PMR, abris, arrêt de transport collectif )"
173,Parking de covoiturage Tain l'Hermitage,A7 Sortie 13 Tain-l'Hermitage,Mercurol-Veaunes,26179,Aire de covoiturage,2026-03-24,true,512377060,4.867036,45.070115,70,2,,24/7,ASF,true,"Services (dépose-minutes, places deux-roues, places PMR, abris, )"
177,Parking de covoiturage Thiers Ouest,A89 Sortie 29 Thiers Ouest,Thiers,63430,Aire de covoiturage,2026-03-24,true,512377060,3.504613,45.859465,89,2,,24/7,ASF,true,"Services (dépose-minutes, places deux-roues, places PMR, abris, toilettes, station vélo, arrêt de transport collectif )"
178,Parking de covoiturage Valence Nord,A7 Sortie 14 Bourg-les-Valence,Bourg-lès-Valence,26058,Aire de covoiturage,2026-03-24,true,512377060,4.887797,44.966104,150,4,,24/7,ASF,true,"Services (dépose-minutes, places deux-roues, places PMR, abris, borne de recharge pour véhicules électriques, arrêt de transport collectif )"
182,Parking de covoiturage Vienne Sud,A7 Sortie 11 Vienne Sud,Reventin-Vaugris,38336,Aire de covoiturage,2026-03-24,true,512377060,4.8323353,45.4721749,100,2,,24/7,ASF,true,"Services (dépose-minutes, places deux-roues, places PMR, abris, station vélo, )"
186,Parking de covoiturage Capbreton,A63 Sortie 8 Capbreton,Bénesse-Maremne,40036,Aire de covoiturage,2026-03-24,true,512377060,-1.395723,43.631048,115,3,,24/7,ASF,true,"Services (dépose-minutes, places deux-roues, places PMR, abris, borne de recharge pour véhicules électriques, station vélo, )"
202,Parking de covoiturage Peyrehorade - RD19,A641 Sortie 1 Oeyregave,Oeyregave,40206,Aire de covoiturage,2026-03-24,true,512377060,-1.1050287,43.5187955,30,2,,24/7,ASF,true,"Services (dépose-minutes, places deux-roues, places PMR, abris, )"
203,Parking de covoiturage Saint-Gaudens,A64 Sortie 18 Saint-Gaudens,Estancarbon,31175,Aire de covoiturage,2026-03-24,true,512377060,0.757635,43.114152,60,2,,24/7,ASF,true,"Services (dépose-minutes, places deux-roues, places PMR, abris, station vélo, )"
210,Parking de covoiturage Tarbes-Ouest,A64 Sortie 12 Tarbes-Ouest,Ibos,65226,Aire de covoiturage,2026-03-24,true,512377060,0.023940,43.221513,154,6,,24/7,ASF,true,"Services (dépose-minutes, places deux-roues, places PMR, abris, arrêt de transport collectif )"
236,Parc Multimodal Dourdan-Longvilliers,A10 Sortie 10 Dourdan-Longvilliers,Longvilliers,78349,Parking relais,2026-03-24,true,512377060,1.987041,48.566568,267,6,,24/7,COFIROUTE,true,"Services (dépose-minutes, places deux-roues, places PMR, abris, borne de recharge pour véhicules électriques, station vélo, arrêt de transport collectif )"
238,Parking de covoiturage Allainville,A10 Sortie 11 Allainville,Allainville,78009,Aire de covoiturage,2026-03-24,true,512377060,1.906626,48.456664,75,2,,24/7,COFIROUTE,true,"Services (dépose-minutes, places deux-roues, places PMR, abris, )"
239,Parking de covoiturage Orléans Saran,A10 Sortie 14 Orléans-Saran,Saran,45302,Aire de covoiturage,2026-03-24,true,512377060,1.859125,47.948682,70,2,,24/7,COFIROUTE,true,"Services (dépose-minutes, places deux-roues, places PMR, abris, borne de recharge pour véhicules électriques, )"
242,Parking de covoiturage Vierzon-Est,A71 Sortie 6 Vierzon Est,Vierzon,18279,Aire de covoiturage,2026-03-24,true,512377060,2.117144,47.213675,59,2,,24/7,COFIROUTE,true,"Services (dépose-minutes, places deux-roues, places PMR, abris, borne de recharge pour véhicules électriques, )"
243,Parking de covoiturage Bourges,A71 Sortie 7 Bourges,Bourges,18033,Aire de covoiturage,2026-03-24,true,512377060,2.342195,47.046055,62,2,,24/7,COFIROUTE,true,"Services (dépose-minutes, places deux-roues, places PMR, abris, borne de recharge pour véhicules électriques, arrêt de transport collectif )"
245,Parking de covoiturage Châtellerault Nord,A10 Sortie 26 Châtellerault Nord,Châtellerault,86066,Aire de covoiturage,2026-03-24,true,512377060,0.533393,46.837115,49,2,,24/7,COFIROUTE,true,"Services (dépose-minutes, places deux-roues, places PMR, abris, borne de recharge pour véhicules électriques, station vélo, arrêt de transport collectif )"
246,Parking de covoiturage Poitiers Nord,A10 Sortie 29 Poitiers Nord,Migné-Auxances,86158,Aire de covoiturage,2026-03-24,true,512377060,0.343598,46.620867,136,3,,24/7,COFIROUTE,true,"Services (dépose-minutes, places deux-roues, places PMR, abris, borne de recharge pour véhicules électriques, )"
247,Parking de covoiturage Poitiers Sud,A10 Sortie 30 Poitiers Sud,Vouneuil-sous-Biard,86297,Aire de covoiturage,2026-03-24,true,512377060,0.290888,46.547886,85,3,,24/7,COFIROUTE,true,"Services (dépose-minutes, places deux-roues, places PMR, abris, toilettes, borne de recharge pour véhicules électriques, )"
249,Parking de covoiturage Angers Ouest,A11 Sortie 17 Angers Ouest,Beaucouzé,49020,Aire de covoiturage,2026-03-24,true,512377060,-0.623885,47.494638,49,1,,24/7,COFIROUTE,true,"Services (dépose-minutes, places deux-roues, places PMR, abris, borne de recharge pour véhicules électriques, )"
250,Parking de covoiturage Le Mans Centre Université,A11 Sortie 8 Le Mans Centre Université,Trangé,72360,Aire de covoiturage,2026-03-24,true,512377060,0.126127,48.020197,57,2,,24/7,COFIROUTE,true,"Services (dépose-minutes, places deux-roues, places PMR, abris, toilettes, borne de recharge pour véhicules électriques, )"
251,Parking de covoiturage Le Mans Nord,A11 Sortie 7 Le Mans ZI Nord,Saint-Saturnin,72320,Aire de covoiturage,2026-03-24,true,512377060,0.172075,48.050443,160,4,,24/7,COFIROUTE,true,"Services (dépose-minutes, places deux-roues, places PMR, abris, toilettes, )"
252,Parking de covoiturage Le Mans ZI Sud,A28 Sortie 23 Echangeur du Mans ZI Sud,Changé,72058,Aire de covoiturage,2026-03-24,true,512377060,0.311337,48.005521,44,2,,24/7,COFIROUTE,true,"Services (dépose-minutes, places deux-roues, places PMR, abris, toilettes, )"
253,Parking de covoiturage Laval Est,A81 Sortie 3 Laval Est,Louverné,53140,Aire de covoiturage,2026-03-24,true,512377060,-0.738512,48.108573,43,1,,24/7,COFIROUTE,true,"Services (dépose-minutes, places deux-roues, places PMR, abris, toilettes, borne de recharge pour véhicules électriques, station vélo, arrêt de transport collectif )"
278,Parking de covoiturage Aire du Loiret,A19 Sortie 6 Auxy-Beaunes-la Rolande,Beaune-la-Rolande,45030,Aire de covoiturage,2026-03-24,true,512377060,2.473136,48.084691,34,1,,24/7,ARCOUR,true,"Services (dépose-minutes, places deux-roues, places PMR, abris, toilettes, station vélo, )"
284,Parking de covoiturage Luigny,A11 Sortie 4 Brou,Luigny,28219,Aire de covoiturage,2026-03-24,true,512377060,1.03370372,48.23458334,9,0,,24/7,COFIROUTE,true,"Services (dépose-minutes, places deux-roues, places PMR, abris, toilettes, borne de recharge pour véhicules électriques, )"
318,Parking de covoiturage Ittenheim,A355 Sortie 2 Ittenheim,Ittenheim,67226,Aire de covoiturage,2026-03-24,true,512377060,7.62046084,48.60225605,100,2,,24/7,ARCOS,true,"Services (dépose-minutes, places deux-roues, places PMR, abris, borne de recharge pour véhicules électriques, arrêt de transport collectif )"
319,Parking de covoiturage La Saulce,A51 Sortie 24 La Saulce,La Saulce,05162,Aire de covoiturage,2026-03-24,true,512377060,6.0273429,44.4425508,43,2,,24/7,ESCOTA,true,"Services (dépose-minutes, places deux-roues, places PMR, abris, station vélo, arrêt de transport collectif )"
320,Parking de covoiturage Sisteron Nord,A51 Sortie 23 Sisteron Nord,Sisteron,04200,Aire de covoiturage,2026-03-24,true,512377060,5.914569,44.224084,44,2,,24/7,ESCOTA,true,"Services (dépose-minutes, places deux-roues, places PMR, abris, station vélo, arrêt de transport collectif )"
327,Parking de covoiturage Manosque,A51 Sortie 18 Manosque,Manosque,04112,Aire de covoiturage,2026-03-24,true,512377060,5.811568,43.808712,75,5,,24/7,ESCOTA,true,"Services (dépose-minutes, places deux-roues, places PMR, abris, ombrières, station vélo, arrêt de transport collectif )"
328,Parking de covoiturage La Bédoule,A50 Sortie 7 La Bédoule,Roquefort-la-Bédoule,13085,Aire de covoiturage,2026-03-24,true,512377060,5.593414,43.243545,59,2,,24/7,ESCOTA,true,"Services (dépose-minutes, places deux-roues, places PMR, abris, )"
237-a,Parking de covoiturage Ablis,A11 Sortie 1 Ablis,Ablis,78003,Aire de covoiturage,2026-03-24,true,512377060,1.831500,48.529367,76,2,,24/7,COFIROUTE,true,"Services (dépose-minutes, places deux-roues, places PMR, abris, )"
240-a,Parking de covoiturage Blois,A10 Sortie 17 Blois,La Chaussée-Saint-Victor,41047,Aire de covoiturage,2026-03-24,true,512377060,1.346802,47.621334,72,2,,24/7,COFIROUTE,true,"Services (dépose-minutes, places deux-roues, places PMR, abris, borne de recharge pour véhicules électriques, )"
241-a,Parking de covoiturage Château-Renault,A10 Sortie 18 Château-Renault,Auzouer-en-Touraine,37010,Aire de covoiturage,2026-03-24,true,512377060,0.983742,47.542721,46,0,,24/7,COFIROUTE,true,"Services (dépose-minutes, places deux-roues, places PMR, abris, borne de recharge pour véhicules électriques, )"
244-a,Parking de covoiturage Bléré,A85 Sortie 11 Bléré,Sublaines,37253,Aire de covoiturage,2026-03-24,true,512377060,0.988488,47.286603,41,1,,24/7,COFIROUTE,true,"Services (dépose-minutes, places deux-roues, places PMR, abris, borne de recharge pour véhicules électriques, )"
248-a,Parking de covoiturage Ancenis Sud,A11 Sortie 20 Ancenis,Ancenis-Saint-Géréon,44003,Aire de covoiturage,2026-03-24,true,512377060,-1.191337,47.399801,65,2,,24/7,COFIROUTE,true,"Services (dépose-minutes, places deux-roues, places PMR, abris, borne de recharge pour véhicules électriques, )"
254-a,Parking de covoiturage Allaines,A10 Sortie 12 Janville,Janville-en-Beauce,28199,Aire de covoiturage,2026-03-24,true,512377060,1.846082,48.206144,29,1,,24/7,COFIROUTE,true,"Services (dépose-minutes, places deux-roues, places PMR, abris, toilettes, )"
326-a,Parking de covoiturage Peyruis,A51 Sortie 20 Peyruis,Peyruis,04149,Aire de covoiturage,2026-03-24,true,512377060,5.960759,44.038156,50,3,,24/7,ESCOTA,true,"Services (dépose-minutes, places deux-roues, places PMR, abris, station vélo, arrêt de transport collectif )"
329-a,Parking de covoiturage Les Adrets,A8 Sortie 39 Les Adrets,Les Adrets-de-l'Estérel,83001,Aire de covoiturage,2026-03-24,true,512377060,6.812155,43.543794,44,2,,24/7,ESCOTA,true,"Services (dépose-minutes, places deux-roues, places PMR, abris, station vélo, arrêt de transport collectif )"
